Date,PRODUCT_TYPE,Daily Highlights,QTD Highlights
20240627,DBIB,"Daily Highlights:
Targeted risks are effectively managed.
Trinity model release of Q2 unlocking impact $11m went into production on 6/27, the impact is not included in the table below.
QTD Highlights:
Targeted risks are effectively managed.
Large QTD Interest Rate Basis gain mainly driven by $4m reversal of 3/28 Good Friday early market closure. Passage of time line does not yet include investment income, which should partially offset the liability accretion of interest loss.",
