Date,PRODUCT_TYPE,Daily Highlights,QTD Highlights
20240126,WB,"""Dynamic P&L Highlights",
•        $0m impact on Delta (affected by $0m SPX cash/futures basis on the day),WB,,
o        $0m impact  on EAFE/cash future basis,WB,,
•        $0m impact on Gamma ,WB,,
•        $0m impact on Volatility,WB,,
•        -$2m loss on Total Rho Hedge (-$1m loss on Treasury Basis),WB,,
•        $2m gain on Credit,WB,,
•        -$1m loss on Underlying Fund P&L (excluding EAFE timing of  -$1m,WB, EM timing of  $1m),
•        $0m impact on POT/Carry/Fee,WB,,
