Date,PRODUCT_TYPE,Daily Highlights,QTD Highlights
20240605,WB,"Daily Highlights:
Bond data was stale last night in Trinity causing the larger credit/fund basis offsetting pnl, expected to reverse tomorrow. $10m EM/EAFE timing gain expected to reverse.
QTD Highlights:
Targeted risks are effectively managed. Large QTD Interest Rate Basis gain mainly driven by $8m reversal of 3/28 Good Friday early market closure. QTD fund basis & fund mapping loss partially due to EM/Nasdaq out performing benchmark index.",
