Date,PRODUCT_TYPE,Daily Highlights,QTD Highlights
20240605,DBIB,"Daily Highlights:
Bond data was stale last night in Trinity causing the larger credit/fund basis offsetting pnl, expected to reverse tomorrow.
QTD Highlights:
Targeted risks are effectively managed.
Large QTD Interest Rate Basis gain mainly driven by $4m reversal of 3/28 Good Friday early market closure. Passage of time line does not yet include investment income, which should partially offset the liability accretion of interest loss.",
