Date,PRODUCT_TYPE,Daily Highlights,QTD Highlights
20230927,WB,"""Dynamic P&L Highlights",
•        -$1m loss on Delta (affected by $0m SPX cash/futures basis on the day; remaining SPX cash/futures basis EOD is  $6m),WB,,
o        -$1m loss  on EAFE/cash future basis,WB,,
•        $0m impact on Gamma ,WB,,
•        $0m impact on Volatility,WB,,
•        -$2m loss on Total Rho Hedge (-$1m loss on Treasury Basis),WB,,
•        $0m impact on Credit,WB,,
•        -$2m loss on Underlying Fund P&L (excluding EAFE timing of  $4m,WB, EM timing of  $0m),
•        -$1m loss on POT/Carry/Fee,WB,,
