Date,PRODUCT_TYPE,Daily Highlights,QTD Highlights
20240627,WB,"Daily Highlights:
$4m help from EM/EAFE Timing. $3m hurt from Fund Basis and Emerging Market/Nasdaq. Trinity model release of Q2 unlocking impact -$25m went into production on 6/27, the impact is not included in the table below.
QTD Highlights:
Targeted risks are effectively managed. Large QTD Interest Rate Basis gain mainly driven by $8m reversal of 3/28 Good Friday early market closure. QTD fund basis & fund mapping loss partially due to EM/Nasdaq out performing benchmark index.",
