Date,PRODUCT_TYPE,Daily Highlights,QTD Highlights
20240206,WB,"""Dynamic P&L Highlights",
•        $0m impact on Delta (affected by $0m SPX cash/futures basis on the day),WB,,
o        $0m impact  on EAFE/cash future basis,WB,,
•        $0m impact on Gamma ,WB,,
•        $0m impact on Volatility,WB,,
•        $2m gain on Total Rho Hedge ($0m impact on Treasury Basis),WB,,
•        $2m gain on Credit,WB,,
•        $0m impact on Underlying Fund P&L (excluding EAFE timing of  $1m,WB, EM timing of  $2m),
•        -$3m loss on POT/Carry/Fee,WB,,
