Date,PRODUCT_TYPE,Daily Highlights,QTD Highlights
20240123,WB,"""Dynamic P&L Highlights",
•        -$1m loss on Delta (affected by $0m SPX cash/futures basis on the day),WB,,
o        -$1m loss  on EAFE/cash future basis,WB,,
•        $0m impact on Gamma ,WB,,
•        $0m impact on Volatility,WB,,
•        $1m gain on Total Rho Hedge ($2m gain on Treasury Basis),WB,,
•        $4m gain on Credit,WB,,
•        -$2m loss on Underlying Fund P&L (excluding EAFE timing of  $3m,WB, EM timing of  $1m),
•        -$3m loss on POT/Carry/Fee,WB,,
