Date,PRODUCT_TYPE,Daily Highlights,QTD Highlights
20230901,WB,"""Dynamic P&L Highlights",
•         -$1m loss on Delta (affected by $0m SPX cash/futures basis on the day; remaining SPX cash/futures basis EOD is  $1m),WB,,
o        -$1m loss  on EAFE/cash future basis,WB,,
•        $0m impact on Gamma ,WB,,
•        $0m impact on Volatility,WB,,
•        $0m impact on Total Rho Hedge ($0m impact on Treasury Basis),WB,,
•        $0m impact on Credit,WB,,
•        -$3m loss on Underlying Fund P&L (excluding EAFE timing of  $2m,WB, EM timing of  $2m),
•        $1m gain on POT/Carry/Fee,WB,,
