Date,PRODUCT_TYPE,Daily Highlights,QTD Highlights
20240320,DBIB,"""Dynamic P&L Highlights",
•        $0m impact on Delta (affected by $0m SPX cash/futures basis on the day),DBIB,,
•        $0m impact on Gamma ,DBIB,,
•        $0m impact on Volatility,DBIB,,
•        $1m gain on Total Rho Hedge ($0m impact on Treasury Basis),DBIB,,
•        $2m gain on Credit,DBIB,,
•        -$3m loss on Underlying Fund P&L (excluding EAFE timing of  $3m,DBIB, EM timing of  $0m),
•        $0m impact on POT/Carry/Fee,DBIB,,
