Date,PRODUCT_TYPE,Daily Highlights,QTD Highlights
20230927,DBIB,"""Dynamic P&L Highlights",
•         $0m impact on Delta (affected by $0m SPX cash/futures basis on the day; remaining SPX cash/futures basis EOD is  $2m),DBIB,,
•        $0m impact on Gamma ,DBIB,,
•        $0m impact on Volatility,DBIB,,
•        $0m impact on Total Rho Hedge ($0m impact on Treasury Basis),DBIB,,
•        $0m impact on Credit,DBIB,,
•        -$2m loss on Underlying Fund P&L (excluding EAFE timing of  $1m,DBIB, EM timing of  $0m),
•        -$1m loss on POT/Carry/Fee,DBIB,,
