Date,PRODUCT_TYPE,Daily Highlights,QTD Highlights
20230905,WB,"""Dynamic P&L Highlights",
•        $0m impact on Delta (affected by $0m SPX cash/futures basis on the day; remaining SPX cash/futures basis EOD is  $1m),WB,,
o        $0m impact  on EAFE/cash future basis,WB,,
•        $0m impact on Gamma ,WB,,
•        $0m impact on Volatility,WB,,
•        -$2m loss on Total Rho Hedge ($0m impact on Treasury Basis),WB,,
•        $3m gain on Credit,WB,,
•        $4m gain on Underlying Fund P&L (excluding EAFE timing of  -$1m,WB, EM timing of  -$3m),
•        $1m gain on POT/Carry/Fee,WB,,
